Job Title,Job Link,Company,Location,Skills
Back-end .NET Core Developer,https://wuzzuf.net/jobs/p/g8jwvpjdftoh-back-end-net-core-developer-spark-systems-giza-egypt,Spark Systems -,"Sheikh Zayed, Giza, Egypt ",Full TimeOn-siteExperienced · 2+ Yrs of Exp · IT/Software Development · Engineering - Telecom/Technology · .Net · .net core · ASP · ASP.Net · Information Technology (IT) · Software Development · Computer Science · Software Engineering
Senior Back End Developer,https://wuzzuf.net/jobs/p/ju1cpelbrhcl-senior-back-end-developer-youxel-cairo-egypt,Youxel -,"Maadi, Cairo, Egypt ",Full TimeHybridExperienced · 2 - 4 Yrs of Exp · IT/Software Development · Engineering - Telecom/Technology · Back End · Backend Development · Web Development · Computer Science · Information Technology (IT) · .NET · C# · ASP.NET
Senior Back End Developer,https://wuzzuf.net/jobs/p/qjow4fasuuum-senior-back-end-developer-misbar-alkawn-cairo-egypt,Misbar Alkawn -,"Nasr City, Cairo, Egypt ","Full TimeOn-siteExperienced · 5+ Yrs of Exp · IT/Software Development · Engineering - Telecom/Technology · Microservices · Clean Architecture, DDD/CQRS · event-driven architecture and infrastructure-as-code · inter-service communication, data ownership, API gateway selection, and cross-service transactions"
Junior Backend Developer (React.js / Node.js),https://wuzzuf.net/jobs/p/pb8p1gvwghil-junior-backend-developer-reactjs-nodejs-cairo-egypt,Confidential -,"Maadi, Cairo, Egypt ",Full TimeOn-siteEntry Level · 1 - 3 Yrs of Exp · IT/Software Development · Node.js · backend · React · Software Development · Typescript · Back-End Development · API · Information Technology (IT) · JavaScript
Back-End Developer,https://wuzzuf.net/jobs/p/3TEIk1bT5W7R-Back-End-Developer-Unique-Solutions-Network-Cairo-Egypt,Unique Solutions Network -,"Cairo, Egypt ",Full TimeOn-siteExperienced · 2+ Yrs of Exp · IT/Software Development · back-end · Computer Science · Design · .Net · Engineering · Git · Information Technology (IT) · JavaScript · MySQL
Mid-Backend Developer,https://wuzzuf.net/jobs/p/noaqn3lfma1u-mid-backend-developer-nexus-analytica-cairo-egypt,Nexus Analytica -,"Shorouk City, Cairo, Egypt ",Full TimeOn-siteExperienced · 2 - 4 Yrs of Exp · IT/Software Development · back-end · Back-End Developer · Computer Science · Python · Software Engineering · Software Development · developer
Senior Back End Engineer - Node.js,https://wuzzuf.net/jobs/p/124z1R7uM4yE-Senior-Back-End-Engineer---Nodejs-Cairo-Egypt,Confidential -,"New Cairo, Cairo, Egypt ",Full TimeOn-siteExperienced · 3 - 6 Yrs of Exp · IT/Software Development · Engineering - Telecom/Technology · Software Development · Node.js · gRPC · MySQL · MongoDB · Socket.io · azure cloud
Backend Developer,https://wuzzuf.net/jobs/p/bkelvhbxre9k-backend-developer-cairo-egypt,Confidential -,"Cairo, Egypt ",Full TimeFreelance / ProjectRemoteExperienced · 2 - 4 Yrs of Exp · Creative/Design/Art · IT/Software Development · Engineering - Telecom/Technology · MySQL · backend · Computer Science · Software Engineering · front-end · Information Technology (IT) · PHP
Backend Developer,https://wuzzuf.net/jobs/p/oaqrhoxisuse-backend-developer-paymint-cairo-egypt,Paymint -,"Maadi, Cairo, Egypt ",Full TimeOn-siteExperienced · 3 - 6 Yrs of Exp · IT/Software Development · back-end · Laravel · PHP · Software Engineering · Software Development · HTML5 · CSS
Backend Developer - PHP & Laravel,https://wuzzuf.net/jobs/p/syeudlc1dsrh-backend-developer---php-laravel-softxpert-incorporation-alexandria-egypt,Softxpert Incorporation  -,"Alexandria, Egypt ",Full TimeHybridExperienced · 2 - 5 Yrs of Exp · IT/Software Development · Computer Science · Engineering · Information Technology (IT) · Laravel · Software · Software Development · Software Engineering · PHP · Angular
Senior Liferay Developer,https://wuzzuf.net/jobs/p/ogzhvvrlzugg-senior-liferay-developer-aliaict-cairo-egypt,Aliaict -,"Nasr City, Cairo, Egypt ",Full TimeHybridExperienced · 5 - 7 Yrs of Exp · IT/Software Development · Engineering - Telecom/Technology · Liferay · Liferay Portal · Liferay DXP · Java · Information Technology (IT) · Computer Science · front-end web development · React
Senior Backend Developer ,https://wuzzuf.net/jobs/p/tquzpkyphrj4-senior-backend-developer -ezeats-cairo-egypt,EZeats  -,"Heliopolis, Cairo, Egypt ",Full TimeOn-siteExperienced · 3 - 5 Yrs of Exp · IT/Software Development · Engineering - Telecom/Technology · backend · Computer Science · Information Technology (IT) · Software Development · Engineering · Development · AWS · Node.js
Senior Backend (Node.js),https://wuzzuf.net/jobs/p/8snuffapuj6n-senior-backend-nodejs-erada-cairo-egypt,Erada -,"Maadi, Cairo, Egypt ",Full TimeHybridExperienced · 3 - 5 Yrs of Exp · IT/Software Development · Computer Science · Software Development · Node.js · backend · Docker · Microservice Architecture
Senior Full Stack Developer,https://wuzzuf.net/jobs/p/ypzilv14bfmb-senior-full-stack-developer-52nd-solution-cairo-egypt,52nd Solution  -,"Cairo, Egypt ",Full TimeHybridExperienced · 5 - 20 Yrs of Exp · IT/Software Development · back-end · Angular · Computer Science · front-end · Web · Software · Software Development · c# · dotnet
Back-End Lead (Node JS),https://wuzzuf.net/jobs/p/fhwPpsIWZsui-Back-End-Lead-Node-JS-Algoriza-Giza-Egypt,Algoriza -,"Giza, Egypt ",Full TimeHybridExperienced · 4 - 7 Yrs of Exp · IT/Software Development · Node.js · backend · Development
Senior Android Developer,https://wuzzuf.net/jobs/p/ybeovnh1pthh-senior-android-developer-expert-apps-cairo-egypt,Expert Apps -,"Maadi, Cairo, Egypt ",Full TimeHybridExperienced · 5+ Yrs of Exp · IT/Software Development · Engineering - Telecom/Technology · Android · back-end · APIs · computer · Computer Science · Information Technology (IT) · Offline storage · RESTful
Senior Backend PHP (Laravel),https://wuzzuf.net/jobs/p/1xcrokfnvwp7-senior-backend-php-laravel-rahala-giza-egypt,Rahala -,"Giza, Egypt ",Full TimeOn-siteExperienced · 4 - 8 Yrs of Exp · IT/Software Development · Engineering - Telecom/Technology · Laravel · Agile · Angular · PHP · backend · senior backend · Git · CSS
Front End Angular Developer,https://wuzzuf.net/jobs/p/vjcq4iao965t-front-end-angular-developer-tab-erp-solutions-cairo-egypt,TAB ERP Solutions -,"New Cairo, Cairo, Egypt ",Full TimeRemoteExperienced · 3 - 5 Yrs of Exp · IT/Software Development · Angular · Bootstrap · APIs · CSS · Design · Information Technology (IT) · JSON · JavaScript
Front End Developer,https://wuzzuf.net/jobs/p/2VZs1nQfMpH6-Front-End-Developer-Tradeline-Stores-Giza-Egypt,Tradeline Stores -,"Sheikh Zayed, Giza, Egypt ",Full TimeOn-siteExperienced · 1 - 3 Yrs of Exp · Creative/Design/Art · IT/Software Development · Engineering - Telecom/Technology · Computer Science · Angular · Design · front-end · Ionic · Software Development · Web Development
Front-End Developer,https://wuzzuf.net/jobs/p/n5klhk51n2ya-front-end-developer-52nd-solution-cairo-egypt,52nd Solution  -,"New Cairo, Cairo, Egypt ",Full TimeHybridExperienced · 4+ Yrs of Exp · IT/Software Development · Engineering - Telecom/Technology · Front End · Information Technology (IT) · Engineering · Software Development · Angular · Git · HTML5 · CSS3
Senior Full Stack Developer,https://wuzzuf.net/jobs/p/xdesbrvhwveg-senior-full-stack-developer-mojaa-cairo-egypt,Mojaa -,"New Cairo, Cairo, Egypt ",Full TimeOn-siteExperienced · 5 - 15 Yrs of Exp · IT/Software Development · Full Stack Development · React · Vibe Coding · AI · Azure · Product Development · API · graphQL · Windsurf
Senior Front End Developer - Vue,https://wuzzuf.net/jobs/p/ggrhdog2xymo-senior-front-end-developer-vue-our-education-cairo-egypt,Our Education -,"Nasr City, Cairo, Egypt ",Full TimeOn-siteExperienced · 3 - 5 Yrs of Exp · IT/Software Development · Information Technology (IT) · CSS · javaScript · HTML5 · Vue · CSS3 · React · SASS · LESS
Senior Front-End React Developer,https://wuzzuf.net/jobs/p/yf4qmeijmmeb-senior-front-end-react-developer-bydotpy-cairo-egypt,Bydotpy -,"Maadi, Cairo, Egypt ",Full TimeHybridExperienced · 4 - 8 Yrs of Exp · IT/Software Development · React · React.js · React js · JavaScript · Typescript · Redux · context api · RESTful APIs · HTML5
BackEnd Developer (Golang),https://wuzzuf.net/jobs/p/meht4v9bhvpo-backend-developer-golang-invento-cairo-egypt,INVENTO -,"Maadi, Cairo, Egypt ",Full TimeRemoteExperienced · 3+ Yrs of Exp · IT/Software Development · Engineering - Telecom/Technology · backend · Golang · Computer Science · Programming Language · API · Software Development · GraphQL · JavaScript
Mid Level Backend Developer{.Net Core}..,https://wuzzuf.net/jobs/p/z6nwqtqnybse-mid-level-backend-developernet-core-rtr-software-solutions-cairo-egypt,RTR Software Solutions  -,"Nasr City, Cairo, Egypt ",Full TimeOn-siteExperienced · 3 - 5 Yrs of Exp · IT/Software Development · Agile · ASP.Net · Azure · C# · Communication skills · Computer Science · Git · Information Technology (IT) · Microsoft
Back End Developer | Mern Stack,https://wuzzuf.net/jobs/p/g/ypwa7shkdy4m-back-end-developer-mern-stack-royal-class-dubai-united-arab-emirates,Royal Class -,"Dubai, United Arab Emirates ",Full TimeEntry Level · Creative/Design/Art · IT/Software Development · Engineering - Telecom/Technology · information technology (it) · computer science · software development · javascript · git · sql · apis
"Back End Developer, Trilogy (Remote) - $60,000/year USD",https://wuzzuf.net/jobs/p/g/v1ifduquzq6s-back-end-developer-trilogy-remote---60000year-usd-trilogy-dubai-united-arab-emirates,Trilogy -,"Dubai, United Arab Emirates ",Full TimeEntry Level · Creative/Design/Art · IT/Software Development · Engineering - Telecom/Technology · Information Technology (IT) · Computer Science · Software Development · Software Engineering · PHP · javaScript · Engineering
"Senior Software Engineer, Fintech",https://wuzzuf.net/jobs/p/Fijpq8JZzpxr-Senior-Software-Engineer-Fintech-Optasia-Cairo-Egypt,Optasia -,"Downtown, Cairo, Egypt ",Full TimeHybridExperienced · 7+ Yrs of Exp · IT/Software Development · back-end · coding · NoSQL · Information Technology (IT) · Software Development · Programming · JavaScript · Java · Docker
Full Stack Developer,https://wuzzuf.net/jobs/p/HhDLBqJAMTND-Full-Stack-Developer-Cairo-Egypt,Confidential -,"Cairo, Egypt ",Full TimeRemoteEntry Level · 1 - 5 Yrs of Exp · IT/Software Development · Node.js · REST · back-end · front-end · React · Information Technology (IT) · Development · Computer Science · JavaScript
Front End Developer,https://wuzzuf.net/jobs/p/mtsegtdrljoh-front-end-developer-paymint-cairo-egypt,Paymint -,"Maadi, Cairo, Egypt ",Full TimeHybridExperienced · 3 - 6 Yrs of Exp · IT/Software Development · Vue.js · HTML · SEO · CSS3 · Git · jQuery · JavaScript
Senior Backend Developer,https://wuzzuf.net/jobs/p/9iklmmxmqd2a-senior-backend-developer-k-line-europe-cairo-egypt,K Line Europe -,"Cairo, Egypt ",Full TimeRemoteExperienced · 3+ Yrs of Exp · IT/Software Development · Engineering - Telecom/Technology · API · backend · Computer Science · Design · JavaScript · REST · NoSQL · Git
Senior Backend Developer (.NET Core),https://wuzzuf.net/jobs/p/PkdGxORYRgbZ-Senior-Backend-Developer-NET-Core-INVENTO-Cairo-Egypt,INVENTO -,"Maadi, Cairo, Egypt ",Full TimeRemoteExperienced · 5 - 8 Yrs of Exp · IT/Software Development · .net core · C# · SQL · ASP.NET Core · ASP.Net Web API · Software Development · OOP · Web Services
Angular Frontend Developer,https://wuzzuf.net/jobs/p/dc2pxnpou9fs-angular-frontend-developer-ultimate-solutions-egypt-giza-egypt,Ultimate Solutions Egypt -,"Sheikh Zayed, Giza, Egypt ",Full TimeOn-siteEntry Level · 1 - 3 Yrs of Exp · Creative/Design/Art · IT/Software Development · Engineering - Telecom/Technology · Computer Science · Angular · Agile · CSS · front-end · CSS3 · HTML5
Front End Developer (React.js),https://wuzzuf.net/jobs/p/VEzFD9XTTsrP-Front-End-Developer-Reactjs-Finiex-Soft-Alexandria-Egypt,Finiex Soft  -,"Fleming, Alexandria, Egypt ",Full TimeHybridExperienced · 2 - 5 Yrs of Exp · Business Development · IT/Software Development · Engineering - Telecom/Technology · CSS · JavaScript · Software Development · front-end · Web Development · Vue.js · Development
Front End Developer,https://wuzzuf.net/jobs/p/4r4V4kytLc1C-Front-End-Developer-Unique-Solutions-Network-Cairo-Egypt,Unique Solutions Network -,"Cairo, Egypt ",Full TimeOn-siteExperienced · 2+ Yrs of Exp · IT/Software Development · Agile · APIs · Computer Science · CSS3 · Design · front-end · HTML5 · Information Technology (IT) · JavaScript
Senior PHP Developer (Laravel),https://wuzzuf.net/jobs/p/3vjmejy6qcay-senior-php-developer-laravel-our-education-cairo-egypt,Our Education -,"Nasr City, Cairo, Egypt ",Full TimeOn-siteExperienced · 3 - 5 Yrs of Exp · IT/Software Development · Engineering - Telecom/Technology · PHP · Computer Science · Laravel · HTML5 · CSS3 · MVC · Programming · javaScript
Front End Developer ERP SYSTEM IS AMUST,https://wuzzuf.net/jobs/p/2Zn00paOehb2-Front-End-Developer-ERP-SYSTEM-IS-AMUST-Maxevia-Corporate-Cairo-Egypt,Maxevia Corporate -,"Nasr City, Cairo, Egypt ",Full TimeOn-siteExperienced · 1 - 1 Yrs of Exp · Creative/Design/Art · IT/Software Development · Engineering - Telecom/Technology · Information Technology (IT) · Computer Science · CSS · CSS3 · front-end · HTML · HTML5
Frontend Engineer,https://wuzzuf.net/jobs/p/nw57ppr6wnet-frontend-engineer-devency-cairo-egypt,Devency    -,"Nozha, Cairo, Egypt ",Full TimeRemoteExperienced · 2 - 5 Yrs of Exp · IT/Software Development · Engineering - Other · Software Development · Engineering · React · React.js · UI · front-end · Typescript · Agile
Senior Laravel Developer,https://wuzzuf.net/jobs/p/qauaxnqnbcum-senior-laravel-developer-34ml-cairo-egypt,34ML -,"Heliopolis, Cairo, Egypt ",Full TimeHybridExperienced · 1 - 5 Yrs of Exp · Installation/Maintenance/Repair · IT/Software Development · Engineering - Telecom/Technology · Computer Science · Software Development · Information Technology (IT) · Software Engineering · MVC · Engineering · Git
Next-JS Mid level Developer,https://wuzzuf.net/jobs/p/ctwiqqwu50qr-next-js-mid-level-developer-techflipp-cairo-egypt,Techflipp -,"Cairo, Egypt ",Full TimeRemoteExperienced · 2 - 4 Yrs of Exp · IT/Software Development · nextjs · Software Development · front-end · APIs · SSRS · Typescript · Software Engineering · UI · UI/UX
Senior Front End Engineer - Angular,https://wuzzuf.net/jobs/p/hUJf1c6XSSQc-Senior-Front-End-Engineer---Angular-Cairo-Egypt,Confidential -,"New Cairo, Cairo, Egypt ",Full TimeOn-siteExperienced · 3 - 7 Yrs of Exp · IT/Software Development · Engineering - Telecom/Technology · Angular · Software Development · Clean Code
Angular Front End Developer,https://wuzzuf.net/jobs/p/AYWCygEiBCbu-Angular-Front-End-Developer-Digital-Cubic-Smart-Solution-Sharjah-United-Arab-Emirates,Digital Cubic Smart Solution -,"Sharjah, United Arab Emirates ",Full TimeOn-siteExperienced · 5 - 10 Yrs of Exp · IT/Software Development · Angular · angular CLI · Design · Development · front-end · Software · Software Development · Information Technology (IT) · Web Development
Senior Front-End Developer - Angular,https://wuzzuf.net/jobs/p/fkpqgkmbm6p9-senior-front-end-developer---angular-invento-cairo-egypt,INVENTO -,"Maadi, Cairo, Egypt ",Full TimeRemoteExperienced · 4 - 8 Yrs of Exp · IT/Software Development · Engineering - Telecom/Technology · Angular · front-end · Design · Computer Science · Bootstrap · CSS3 · Information Technology (IT) · JavaScript
WordPress Developer,https://wuzzuf.net/jobs/p/i2g4sFCbIK8m-WordPress-Developer-Road9-Media-Cairo-Egypt,Road9 Media -,"Maadi, Cairo, Egypt ",Full TimeRemoteExperienced · 2 - 4 Yrs of Exp · Creative/Design/Art · IT/Software Development · Engineering - Telecom/Technology · WordPress · WordPress CMS · WordPress Development · JavaScript · MySQL · PHP · Plugins
Senior ERP Developer,https://wuzzuf.net/jobs/p/jmnqq1bw5imk-senior-erp-developer-milkys---the-milkman-giza-egypt,Milkys - The Milkman -,"Sheikh Zayed, Giza, Egypt ",Full TimeOn-siteExperienced · 4 - 6 Yrs of Exp · IT/Software Development · Engineering - Telecom/Technology · Software Development · Programming · ERP-NEXT · Python · R · Front-End Development · Web Development · Agile
Web Developer ( Shopify ),https://wuzzuf.net/jobs/p/zvzqlenavtz9-web-developer-shopify-7tec-cairo-egypt,7tec -,"Cairo, Egypt ",Part TimeFreelance / ProjectRemoteExperienced · 2 - 5 Yrs of Exp · Creative/Design/Art · IT/Software Development · Engineering - Telecom/Technology · CSS3 · front-end · HTML5 · Information Technology (IT) · MySQL · PHP · SEO
Full Stack Developer,https://wuzzuf.net/jobs/p/7zozhz9slpsd-full-stack-developer-lo-la-cairo-egypt,lo la  -,"Rehab City, Cairo, Egypt ",Full TimeRemoteExperienced · 3 - 6 Yrs of Exp · IT/Software Development · Engineering - Telecom/Technology · APIs · JavaScript · AWS · Computer Science · backend · Node.js · MongoDB · Software Development
Senior Front End Developer (Angular),https://wuzzuf.net/jobs/p/RAN2JeAig8Ef-Senior-Front-End-Developer-Angular-Exceed-Cairo-Egypt,Exceed -,"Cairo, Egypt ",Full TimeRemoteExperienced · 4+ Yrs of Exp · IT/Software Development · Engineering - Telecom/Technology · Angular · JavaScript · Web Development · CSS3 · Computer Science · Design · Agile · HTML5
Full Stack Developer,https://wuzzuf.net/jobs/p/f0srvtlxsi10-full-stack-developer-3rcontracting-cairo-egypt,3rcontracting -,"Maadi, Cairo, Egypt ",Full TimeOn-siteExperienced · 5 - 7 Yrs of Exp · IT/Software Development · Engineering - Telecom/Technology · Computer Science · Information Technology (IT) · Software Development · Web Development · Software Engineering
Senior Angular Developer,https://wuzzuf.net/jobs/p/h4zvqaxamfpy-senior-angular-developer-al-ateeq-software-cairo-egypt,Al Ateeq Software -,"Heliopolis, Cairo, Egypt ",Full TimeOn-siteExperienced · 5 - 7 Yrs of Exp · IT/Software Development · Engineering - Telecom/Technology · Angular · Communication skills · Computer Science · front-end · Information Technology (IT) · Software Engineering · UI/UX · Development
Software Engineer,https://wuzzuf.net/jobs/p/tWH5suvRcTqg-Software-Engineer-Mezan-Technologies-Co-Cairo-Egypt,Mezan Technologies Co -,"Cairo, Egypt ",Full TimeRemoteExperienced · 2 - 10 Yrs of Exp · IT/Software Development · Software Development · Software Engineering · Typescript · SQL · backend · Computer Science · Information Technology (IT) · ORM · React
Full Stack Developer,https://wuzzuf.net/jobs/p/srurrzmf5sga-full-stack-developer-misr-university-for-science-and-technology-giza-egypt,Misr University for Science and Technology -,"6th of October, Giza, Egypt ",Full TimeOn-siteEntry Level · 1 - 2 Yrs of Exp · Creative/Design/Art · IT/Software Development · Engineering - Telecom/Technology · Computer Science · .Net · Software Development · Git · Engineering · Information Technology (IT) · jQuery
Full-Stack Developer,https://wuzzuf.net/jobs/p/aurdznyptihj-full-stack-developer-cairo-egypt,Confidential -,"Cairo, Egypt ",Full TimeRemoteExperienced · 2+ Yrs of Exp · IT/Software Development · Engineering - Telecom/Technology · PHP · Angular · Computer Science · CSS · HTML · SQL · Information Technology (IT) · JavaScript
Senior Full Stack Developer,https://wuzzuf.net/jobs/p/TCGv5hYGparn-Senior-Full-Stack-Developer-Cairo-Egypt,Confidential -,"Cairo, Egypt ",Full TimeRemoteExperienced · 6+ Yrs of Exp · IT/Software Development · Engineering - Telecom/Technology · APIs · Agile · AWS · Computer Science · Development · front-end · Information Technology (IT) · Java
Full Stack Developer,https://wuzzuf.net/jobs/p/iq2rqh3tkncp-full-stack-developer-santa-clara-united-states,Confidential -,"Santa Clara, United States ",Part TimeRemoteExperienced · 8 - 12 Yrs of Exp · IT/Software Development · JavaScript · Full Stack · Angular · Computer Science · CSS · HTML · Information Technology (IT) · Java · jQuery
Frontend Developer (React),https://wuzzuf.net/jobs/p/bef104ejdu8k-frontend-developer-react-nexus-analytica-cairo-egypt,Nexus Analytica -,"Shorouk City, Cairo, Egypt ",Full TimeOn-siteExperienced · 2 - 3 Yrs of Exp · IT/Software Development · Engineering - Other · Computer Science · Engineering · React · Software Development
Senior Full Stack Developer (.NET Core & Angular),https://wuzzuf.net/jobs/p/c5eox4waizfl-senior-full-stack-developer-net-core-angular-nile-tronix-cairo-egypt,Nile Tronix -,"Heliopolis, Cairo, Egypt ",Full TimeOn-siteExperienced · 3 - 6 Yrs of Exp · IT/Software Development · Engineering - Telecom/Technology · CSS · .Net · jQuery · Software Development · Web Development · SQL · Angular · Full Stack
Signal Integrity & RF Systems Engineer,https://wuzzuf.net/internship/idh7vmhmxmf4-signal-integrity-rf-systems-engineer-ottawave-cairo-egypt,Ottawave -,"Cairo, Egypt ",InternshipRemoteStudent · IT/Software Development · Software Development · Matlab · Web Based · Python · OCTAVE · REST · HTML · CSS · Development
iOS Developer,https://wuzzuf.net/jobs/p/kbztaibpuqsn-ios-developer-mobily-infotech-ltd-india-cairo-egypt,MOBILY INFOTECH LTD INDIA -,"Cairo, Egypt ",Full TimeHybridExperienced · 5 - 8 Yrs of Exp · IT/Software Development · iOS · SwiftUI · Objective-C · iOS SDK · APIs · App Store · Computer Science · Design · Development
Windows Application Developer,https://wuzzuf.net/jobs/p/vzvypwgnvejl-windows-application-developer-finiex-soft-alexandria-egypt,Finiex Soft  -,"Alexandria, Egypt ",Full TimeRemoteExperienced · 3 - 5 Yrs of Exp · Customer Service/Support · IT/Software Development · Engineering - Telecom/Technology · Agile · Development · Programming · Software Engineering · Computer Science · Information Technology (IT) · Software Development
Javascript Developer (Nuxeo),https://wuzzuf.net/jobs/p/y772XRkOHZds-Javascript-Developer-Nuxeo-Pure-Group-Cairo-Egypt,Pure Group  -,"Cairo, Egypt ",Full TimeHybridExperienced · 5+ Yrs of Exp · IT/Software Development · Engineering - Telecom/Technology · JavaScript · LitElement · Angular · React · Sass · Less · ECM · Polymer
Mid-Level Fullstack Developer (Django + React),https://wuzzuf.net/jobs/p/zhkb6cfob2ek-mid-level-fullstack-developer-django-react-nexus-analytica-cairo-egypt,Nexus Analytica -,"Shorouk City, Cairo, Egypt ",Full TimeOn-siteExperienced · 2 - 5 Yrs of Exp · IT/Software Development · Engineering - Other · Computer Science · Full Stack Development · Django · React
Senior Full Stack Developer,https://wuzzuf.net/jobs/p/wfi8qjpo9hwk-senior-full-stack-developer-initium-solutions-giza-egypt,Initium Solutions -,"Dokki, Giza, Egypt ",Full TimeHybridExperienced · 4 - 8 Yrs of Exp · IT/Software Development · Engineering - Telecom/Technology · .Net · CRM System · CRM · Full Stack · Microsoft Dynamics · CRM Dynamics · Microsoft SQL Server · Full Stack Development
Chief Financial Officer,https://wuzzuf.net/jobs/p/le8fpzrqsrbq-chief-financial-officer-union-coatings-chemical-industries-cairo-egypt,Union Coatings & Chemical Industries -,"Cairo, Egypt ",Full TimeHybridManager · 3 - 5 Yrs of Exp · Accounting/Finance · Business Development · Operations/Management · business · ERP · Finance · Supply Chain · MBA · Operations
Chatbot Developer,https://wuzzuf.net/jobs/p/lbj9cg78xnml-chatbot-developer-mobily-infotech-ltd-india-cairo-egypt,MOBILY INFOTECH LTD INDIA -,"New Cairo, Cairo, Egypt ",Full TimeHybridExperienced · 5 - 7 Yrs of Exp · IT/Software Development · Engineering - Telecom/Technology · chatbot · Chatbot developer · Computer Science · Software Development · Information Technology (IT)
Senior Full Stack Developer - Power Platform,https://wuzzuf.net/jobs/p/gpu5ehr5jseq-senior-full-stack-developer---power-platform-initium-solutions-giza-egypt,Initium Solutions -,"Giza, Giza, Egypt ",Full TimeHybridExperienced · 4+ Yrs of Exp · IT/Software Development · Engineering - Telecom/Technology · .Net · Computer Science · Full Stack · Software Development · .Net Framework · Microsoft .Net Framework · SQL · PHP
Senior Full Stack Developer (.NET Core & Angular),https://wuzzuf.net/jobs/p/r4akvysnzr4l-senior-full-stack-developer-net-core-angular-softprograms-cairo-egypt,softprograms -,"Nasr City, Cairo, Egypt ",Full TimeHybridExperienced · 3 - 6 Yrs of Exp · IT/Software Development · Engineering - Telecom/Technology · .Net · CSS3 · Git · HTML5 · Information Technology (IT) · JavaScript · jQuery · Software Development
Senior PHP Developer (laravel),https://wuzzuf.net/jobs/p/xydt8htf4f5g-senior-php-developer-laravel-dotshub-cairo-egypt,DotsHub  -,"New Cairo, Cairo, Egypt ",Full TimeOn-siteExperienced · 1 - 4 Yrs of Exp · IT/Software Development · OOP · PHP · Laravel Framework · Software Development · Web Development · Mysql Database · Relational Databases
Senior Full Stack,https://wuzzuf.net/jobs/p/ns9yjsfehe91-senior-full-stack-istqservers-cairo-egypt,ISTQSERVERS  -,"Maadi, Cairo, Egypt ",Full TimeOn-siteManager · 4 - 5 Yrs of Exp · IT/Software Development · Full Stack · Node.js · Agile · AWS · Azure · Computer Science · Git · Information Technology (IT) · JavaScript
Software Tester,https://wuzzuf.net/jobs/p/fack9t927bno-software-tester-washthru-cairo-egypt,WashThru -,"Nasr City, Cairo, Egypt ",Full TimeOn-siteExperienced · 2 - 4 Yrs of Exp · IT/Software Development · Quality · JIRA · Information Technology (IT) · Software Testing · QA
Web Developer,https://wuzzuf.net/jobs/p/vzdmfjoscmxb-web-developer-m2a-facility-management-gmbh-bremen-germany,M2A Facility Management GmbH -,"Bremen, Germany ",Full TimePart TimeRemoteExperienced · 3 - 20 Yrs of Exp · IT/Software Development · Education/Teaching · Programming · Information Technology (IT) · Software Development · Web Development · .Net · ASP.Net · Computer Science · Development
Senior Odoo Developer,https://wuzzuf.net/jobs/p/xg9oyeazmrll-senior-odoo-developer-odootec-cairo-egypt,OdooTec -,"New Cairo, Cairo, Egypt ",Full TimeOn-siteExperienced · 4 - 6 Yrs of Exp · IT/Software Development · Python · Information Technology (IT) · Software Development · HTML · ERP · Odoo · Software Engineering · Programming · Computer Science
Magento Developer,https://wuzzuf.net/jobs/p/fywswuptuh9h-magento-developer-anmar-mashat-jeddah-saudi-arabia,Anmar Mashat -,"Jeddah, Saudi Arabia ",Full TimeHybridExperienced · 2 - 10 Yrs of Exp · IT/Software Development · Information Technology (IT) · MySQL · PHP · Magento · JavaScript · SEO · Computer Science · CSS · Git
"Node.js Developer ""Chatbot outsource""",https://wuzzuf.net/jobs/p/w9wq3jancdt3-nodejs-developer-chatbot-outsource-efada-technology-giza-egypt,Efada Technology -,"6th of October, Giza, Egypt ",Full TimeHybridExperienced · 4 - 6 Yrs of Exp · Installation/Maintenance/Repair · IT/Software Development · Engineering - Telecom/Technology · APIs · Computer Science · Software Development · Data Structures · Docker · Information Technology (IT) · Linux
Senior Business Development Executive - SaaS HRMS,https://wuzzuf.net/jobs/p/iCdMngULSwTc-Senior-Business-Development-Executive---SaaS-HRMS-Mawared-Hr-system-Giza-Egypt,Mawared Hr system -,"Mohandessin, Giza, Egypt ",Full TimeOn-siteExperienced · 3 - 5 Yrs of Exp · Business Development · Sales/Retail · B2B · Business Development · Communication · CRM · Sales · sales skills · Sales Target · Software Sales
Full Stack .Net Web Developer,https://wuzzuf.net/jobs/p/pgytsu66d4s9-full-stack-net-web-developer-bf-soft-giza-egypt,B&F Soft -,"Mohandessin, Giza, Egypt ",Full TimeOn-siteExperienced · 2 - 5 Yrs of Exp · IT/Software Development · Engineering - Telecom/Technology · .Net · Computer Science · Development · Information Technology (IT) · JavaScript · Software Development · SQL · Web Development
Software Quality Control Engineer,https://wuzzuf.net/jobs/p/rbacrppjqs5u-software-quality-control-engineer-expert-apps-cairo-egypt,Expert Apps -,"Maadi, Cairo, Egypt ",Full TimeHybridEntry Level · 2 - 3 Yrs of Exp · IT/Software Development · Quality · Engineering - Telecom/Technology · Quality Assurance · Performance Testing · Performance · Automation Testing · Integration · Functional Testing · Testing
Senior Android Developer,https://wuzzuf.net/jobs/p/a2saobf3c2nr-senior-android-developer-madar-soft-alexandria-egypt,Madar Soft -,"Fleming, Alexandria, Egypt ",Full TimeRemoteExperienced · 3 - 4 Yrs of Exp · IT/Software Development · Engineering - Telecom/Technology · APIs · Computer Science · Git · Information Technology (IT) · JSON · Programming · Software Development · Software Engineering
Senior Vue.Js Frontend Developer,https://wuzzuf.net/jobs/p/gra6ajn0mg0s-senior-vuejs-frontend-developer-34ml-cairo-egypt,34ML -,"Heliopolis, Cairo, Egypt ",Full TimeHybridEntry Level · 0 - 3 Yrs of Exp · Creative/Design/Art · IT/Software Development · Engineering - Telecom/Technology · Software Development · Information Technology (IT) · REST · Mobile Development · Objective-C · Software Design · UI
Senior Java Developer,https://wuzzuf.net/jobs/p/r7yl5tec9ldp-senior-java-developer-vigtas-cairo-egypt,Vigtas -,"Cairo, Egypt ",Full TimeOn-siteExperienced · 4 - 15 Yrs of Exp · IT/Software Development · Java · APIs · Software Development · SQL · MySQL · MongoDB · DevOps · AWS · Azure
Junior Full-Stack Developer (React.js + PHP) - Alexandria,https://wuzzuf.net/jobs/p/1b11dzbee9pg-junior-full-stack-developer-reactjs-php---alexandria-scandiweb-alexandria-egypt,scandiweb -,"Alexandria, Egypt ",Full TimeRemoteEntry Level · 0 - 3 Yrs of Exp · IT/Software Development · Engineering - Telecom/Technology · PHP · React.js · Vue.js · Magento · CSS · MySQL · GraphQL · JS
Devops Engineer,https://wuzzuf.net/jobs/p/eozgfb7rhk0j-devops-engineer-skarpt-company-giza-egypt,Skarpt Company  -,"Hadayek Alahram, Giza, Egypt ",Full TimeOn-siteExperienced · 2 - 5 Yrs of Exp · Installation/Maintenance/Repair · IT/Software Development · Engineering - Telecom/Technology · DevOps · computer · Computer Science · Devops Engineer · Information Technology (IT) · Software Engineering
Indirect Purchasing Specialist / Engineer,https://wuzzuf.net/jobs/p/92lpa99gmzk0-indirect-purchasing-specialist-engineer-eagle-chemicals-giza-egypt,Eagle Chemicals -,"6th of October, Giza, Egypt ",Full TimeOn-siteEntry Level · 1 - 3 Yrs of Exp · Logistics/Supply Chain · Purchasing/Procurement · Engineering · English · Mechanical · Mechanical Engineering · Purchasing · Procurement · Logistics · Management
General Accountant - Alexandria,https://wuzzuf.net/jobs/p/21fnlrfxsnzi-general-accountant---alexandria-alexandria-egypt,Confidential -,"Ameria, Alexandria, Egypt ",Full TimeOn-siteExperienced · 4 - 7 Yrs of Exp · Accounting/Finance · Accounting · Finance · Reporting · Financial Analysis
Senior Full Stack Developer,https://wuzzuf.net/jobs/p/uz8ygrmgohnw-senior-full-stack-developer-sgs-uae-alexandria-egypt,SGS-UAE -,"Smouha, Alexandria, Egypt ",Full TimeHybridExperienced · 4+ Yrs of Exp · IT/Software Development · Engineering - Telecom/Technology · Angular · Agile · JavaScript · MVC · SQL · Software · Computer Science · Engineering
Senior Full-Stack Software Engineer,https://wuzzuf.net/jobs/p/0pu911sw4wxg-senior-full-stack-software-engineer-e-jawdah-cairo-egypt,E-Jawdah -,"Nasr City, Cairo, Egypt ","Full TimeOn-siteExperienced · 5 - 9 Yrs of Exp · IT/Software Development · Engineering - Telecom/Technology · PHP, Ruby · HTML · JavaScript · CSS · Django · RESTful APIs."
"Senior System Architect /Senior Software Engineer(.NET core , Angular 8+)( 10+ Years of Experience) -Full Time",https://wuzzuf.net/jobs/p/svn8mgvxqmng-senior-system-architect-senior-software-engineernet-core-angular-8-10-years-of-experience--full-time-cairo-egypt,Confidential -,"Nasr City, Cairo, Egypt ",Full TimeOn-siteExperienced · 10 - 15 Yrs of Exp · males_only · Creative/Design/Art · IT/Software Development · Engineering - Telecom/Technology · Computer Science · CSS · jQuery · Software Development · Software · Information Technology (IT) · Web Development
SaaS Web Application Developer (Full-Stack),https://wuzzuf.net/jobs/p/0glggqv3md9e-saas-web-application-developer-full-stack-almstkshf-for-media-monitoring-ajman-united-arab-emirates,Almstkshf for Media Monitoring -,"Ajman, United Arab Emirates ",Part TimeOn-siteExperienced · 2 - 3 Yrs of Exp · IT/Software Development · Engineering - Telecom/Technology · PHP · MySQL · Laravel · CSS3 · HTML5 · JavaScript · Bootstrap · Computer Science
Digital Marketing & Web Developer,https://wuzzuf.net/jobs/p/hfa7hf81s2c5-digital-marketing-web-developer-genesis-a-cairo-egypt,Genesis A -,"Sheraton, Cairo, Egypt ",Full TimeHybridExperienced · 3 - 5 Yrs of Exp · IT/Software Development · Marketing/PR/Advertising · Design · Digital Marketing · E-Marketing · Google Analytics · SEO · media · Web Development · HTML
Dot Net Core Development Team Lead,https://wuzzuf.net/jobs/p/0SIFkYO4t2cd-Dot-Net-Core-Development-Team-Lead-Nahdet-Misr-Publishing-Group-Giza-Egypt,Nahdet Misr Publishing Group -,"Giza, Egypt ",Full TimeHybridManager · 8 - 10 Yrs of Exp · IT/Software Development · Operations/Management · Engineering - Telecom/Technology · .Net · Angular · Agile · Computer Science · Engineering · Information Technology (IT) · Git
Flutter Developer,https://wuzzuf.net/jobs/p/51lksg35dwny-flutter-developer-paymint-cairo-egypt,Paymint -,"Maadi, Cairo, Egypt ",Full TimeHybridExperienced · 2 - 6 Yrs of Exp · IT/Software Development · Engineering - Telecom/Technology · flutter · mobile applications
Shopify Developer,https://wuzzuf.net/jobs/p/hqzzjupgk2j0-shopify-developer-mojaa-cairo-egypt,Mojaa -,"New Cairo, Cairo, Egypt ",Full TimeOn-siteExperienced · 5 - 10 Yrs of Exp · IT/Software Development · Shopify · Shopify developer · API · APIs · Computer Science · CSS · Design · HTML · Information Technology (IT)
Full Stack Developer - Freelancer Or Full Time,https://wuzzuf.net/jobs/p/hovkh1xgj3ba-full-stack-developer---freelancer-or-full-time-hiremoters-cairo-egypt,HiRemoters -,"Cairo, Egypt ",Full TimePart TimeRemoteExperienced · 3 - 10 Yrs of Exp · IT/Software Development · Engineering - Telecom/Technology · Angular · Bootstrap · AWS · Agile · Computer Science · Information Technology (IT) · Node.js · MVC
Senior Full Stack .Net Developer,https://wuzzuf.net/jobs/p/xeevdjxn0t8i-senior-full-stack-net-developer-aliaict-cairo-egypt,Aliaict -,"Nasr City, Cairo, Egypt ",Full TimeHybridExperienced · 4 - 6 Yrs of Exp · IT/Software Development · Engineering - Telecom/Technology · Computer Science · developer · full stack .NET · Information Technology (IT) · JavaScript · NET · senior · Software Development
Senior Projects Sales Specialist (L.V Panels),https://wuzzuf.net/jobs/p/v5mixpi3tmfe-senior-projects-sales-specialist-lv-panels-mb-for-engineering-giza-egypt,MB for Engineering   -,"Giza, Egypt ",Full TimeOn-siteExperienced · 3 - 5 Yrs of Exp · Project/Program Management · Sales/Retail · Engineering - Telecom/Technology · Sales · sales skills · Low Voltage · Panels · Business Development · Presentation Skills · Projects
Senior PHP Developer,https://wuzzuf.net/jobs/p/Nz3ia8wFaJFP-Senior-PHP-Developer-Expert-Apps-Cairo-Egypt,Expert Apps -,"Maadi, Cairo, Egypt ",Full TimeHybridExperienced · 5+ Yrs of Exp · IT/Software Development · Engineering - Telecom/Technology · Information Technology (IT) · PHP · Computer Science · Software Development · MVC · Laravel · Programming
Flutter Mobile App Developer,https://wuzzuf.net/jobs/p/tihxu6qcjhix-flutter-mobile-app-developer-almar-prog-cairo-egypt,Almar Prog -,"Qasr ِAlnil, Cairo, Egypt ",Full TimeRemoteExperienced · 3+ Yrs of Exp · IT/Software Development · Engineering - Telecom/Technology · app · mobile apps · iOS · Mobile · Mobile App · Software Development · Information Technology (IT) · Version Control
Senior Full Stack Engineer - Node.js + Angular,https://wuzzuf.net/jobs/p/FBURsuaVopDn-Senior-Full-Stack-Engineer---Nodejs-Angular-Cairo-Egypt,Confidential -,"New Cairo, Cairo, Egypt ",Full TimeOn-siteExperienced · 5 - 7 Yrs of Exp · IT/Software Development · Engineering - Telecom/Technology · Information Technology (IT) · Software · Software Development · Angular · Node.js · JavaScript
Software Tester,https://wuzzuf.net/jobs/p/5y4idff32gcr-software-tester-selah-eltelmeez-for-publishing-printing-cairo-egypt,Selah ElTelmeez For Publishing & printing -,"Obour City, Cairo, Egypt ",Full TimeOn-siteExperienced · 0 - 1 Yrs of Exp · IT/Software Development · Quality · Engineering - Telecom/Technology · Software Testing · API · JMeter · ISTQB · Testing · Software Engineering · Software Development
Technical Office Director/ Engineering Director,https://wuzzuf.net/jobs/p/lxc440rpjzez-technical-office-director-engineering-director-cairo-egypt,Confidential -,"New Cairo, Cairo, Egypt ",Full TimeOn-siteSenior Management · 15 - 20 Yrs of Exp · Engineering - Construction/Civil/Architecture · Operations/Management · Civil Engineering · Agile · Director · Engineering · Project · Project Management · Management · MSc
Senior GIS Developer,https://wuzzuf.net/jobs/p/o5D0HEob5xnA-Senior-GIS-Developer-Syad-Tech-Cairo-Egypt,Syad Tech -,"Cairo, Egypt ",Full TimeRemoteExperienced · 5 - 10 Yrs of Exp · IT/Software Development · HTML5 · .Net · CSS3 · JavaScript · Python · ASP.Net · GIS · Esri
PHP Laravel Developer,https://wuzzuf.net/jobs/p/PFp3TNh7RJ08-PHP-Laravel-Developer-Nano-Shield-Cairo-Egypt,Nano Shield -,"Maadi, Cairo, Egypt ",Full TimeOn-siteExperienced · 1 - 4 Yrs of Exp · IT/Software Development · Engineering - Telecom/Technology · Computer Science · Laravel · PHP · JavaScript · CSS · HTML · Information Technology (IT) · Software Development
QA Tester,https://wuzzuf.net/jobs/p/vnDx3HMFYdz8-QA-Tester-Cairo-Egypt,Confidential -,"New Cairo, Cairo, Egypt ",Full TimeOn-siteExperienced · 3 - 6 Yrs of Exp · IT/Software Development · Engineering - Telecom/Technology · QA · test automation · Automation · Testing · Mobile
Software Tester,https://wuzzuf.net/jobs/p/O6fE5lk5SNgN-Software-Tester-Aloha-Dot-for-software-development-and-financial-services-Cairo-Egypt,Aloha Dot for software development and financial services -,"Cairo, Egypt ",Full TimeOn-siteExperienced · 3 - 5 Yrs of Exp · Banking · IT/Software Development · Engineering - Telecom/Technology · Agile · Trello · Testing · Software Testing · Software Engineering · QA · Engineering
Senior Flutter Developer,https://wuzzuf.net/jobs/p/W7HUnnVYfedR-Senior-Flutter-Developer-Sulfah-Cairo-Egypt,Sulfah -,"Maadi, Cairo, Egypt ",Full TimeOn-siteExperienced · 4 - 6 Yrs of Exp · IT/Software Development · Engineering - Telecom/Technology · Engineering · flutter · Information Technology (IT) · Computer Science · iOS · Android · Software Engineering · Software Development
Software Quality Control Engineer,https://wuzzuf.net/jobs/p/JAV2PcVDhGoy-Software-Quality-Control-Engineer-BI-Technologies-Cairo-Egypt,BI-Technologies -,"New Cairo, Cairo, Egypt ",Full TimeHybridExperienced · 1 - 6 Yrs of Exp · IT/Software Development · Quality · Engineering - Telecom/Technology · testing · QC · Tester · Automation · Manualtesting · Information Technology (IT) · Engineering
Technical Project Manager,https://wuzzuf.net/jobs/p/jvftq22dlfhu-technical-project-manager-business-mind-consulting-cairo-egypt,Business Mind Consulting -,"Maadi, Cairo, Egypt ",Full TimeOn-siteManager · 4+ Yrs of Exp · IT/Software Development · Project/Program Management · Communication · Agile · Computer Science · Information Technology (IT) · Project · Project Management · technical · Scrum
Senior Frontend Engineer (Angular),https://wuzzuf.net/jobs/p/SwOaFXdFM339-Senior-Frontend-Engineer-Angular-Tasaheel-Finance-Giza-Egypt,Tasaheel Finance  -,"Giza, Egypt ",Full TimeOn-siteExperienced · 3 - 5 Yrs of Exp · IT/Software Development · Angular · CQRS · .Net · RxJs · Ngrx · DDD
Solution Architect,https://wuzzuf.net/jobs/p/DBAcoWRLbK6o-Solution-Architect-Youxel-Cairo-Egypt,Youxel -,"Maadi, Cairo, Egypt ",Full TimeHybridExperienced · 5 - 8 Yrs of Exp · IT/Software Development · Engineering - Telecom/Technology · Solution Architect · Design · Information Technology (IT) · Engineering · Computer Science · Software Development · Computer Engineering · solution
ERPNext Implementor,https://wuzzuf.net/jobs/p/Ayuas3q727Ko-ERPNext-Implementor-Alexandria-Egypt,Confidential -,"Alexandria, Egypt ",Full TimeHybridEntry Level · 1 - 2 Yrs of Exp · IT/Software Development · Excellent communication and interpersonal skills Professional and client-focused attitude Organized and capable of managing multiple client projects simultaneously Self-motivated with a strong sense of ownership and accountability Quick learner with an ey · ERP System · Accounting · frappe · Training · Odoo
Senior .NET Developer,https://wuzzuf.net/jobs/p/UlFUy8m7GMe5-Senior-NET-Developer-IKEN-Technology-Cairo-Egypt,IKEN Technology -,"Maadi, Cairo, Egypt ",Full TimeOn-siteExperienced · 3 - 5 Yrs of Exp · IT/Software Development · Engineering - Telecom/Technology · .Net · Azure · AWS · React · Angular · RESTful APIs · Software Development · Software Engineering
Remote Signage Designer & Structural Engineer Application,https://wuzzuf.net/internship/lNVjJNNUzBBb-Remote-Signage-Designer-Structural-Engineer-Application-NeonHub-Advertising-Dubai-United-Arab-Emirates,NeonHub Advertising -,"Dubai, United Arab Emirates ",InternshipRemoteStudent · Engineering - Construction/Civil/Architecture · Creative/Design/Art · Engineering - Other · AutoCAD · CAD · Architecture · Structural Engineering · Design · Revit · structural
HR Lead,https://wuzzuf.net/jobs/p/KH9J5sx7FqDd-HR-Lead-TD-Design-Cairo-Egypt,T&D Design -,"Cairo, Egypt ",Full TimeOn-siteExperienced · 8 - 10 Yrs of Exp · Human Resources · Recruitment · Organizational Development · HR operations · Human Resources (HR) · Odoo · HRIS · Talent acquisition · Performance Management · Personnel
Senior Web Developer Lead,https://wuzzuf.net/jobs/p/2pm53uImsVtZ-Senior-Web-Developer-Lead-RISEUP-Endemag-for-Administrative-Skills-Development-Cairo-Egypt,RISEUP (Endemag for Administrative Skills Development) -,"Nasr City, Cairo, Egypt ",Full TimeHybridManager · 8+ Yrs of Exp · IT/Software Development · Engineering - Telecom/Technology · JavaScript · HTML · CSS · Vuex (State Management) · Vue Router · Webpack · NPM / Yarn · RESTful APIs
Digital Product Manager,https://wuzzuf.net/jobs/p/n2iMrKoDvZge-Digital-Product-Manager-Nahdet-Misr-Publishing-Group-Giza-Egypt,Nahdet Misr Publishing Group -,"Mohandessin, Giza, Egypt ",Full TimeOn-siteManager · 2 - 4 Yrs of Exp · IT/Software Development · Operations/Management · Media/Journalism/Publishing · business · Computer Science · Project Management · Market Research · Management · Product · software
"Senior Full Stack Developer (.NET core , Angular 8+) Onsite",https://wuzzuf.net/jobs/p/nzx6WaZUVSRC-Senior-Full-Stack-Developer-NET-core-Angular-8-Onsite-Cairo-Egypt,Confidential -,"Nasr City, Cairo, Egypt ",Full TimeOn-siteExperienced · 5+ Yrs of Exp · IT/Software Development · Engineering - Telecom/Technology · Information Technology (IT) · Software Development · Software Engineering · OOP · ASP.NET · C#.Net · ADO.NET · SQL
Mobile Application Coding Engineer,https://wuzzuf.net/jobs/p/SBoiNCq1qHzu-Mobile-Application-Coding-Engineer-Giza-Egypt,Confidential -,"6th of October, Giza, Egypt ",Freelance / ProjectRemoteExperienced · 3 - 15 Yrs of Exp · IT/Software Development · Engineering - Telecom/Technology · Software Development · Development
Shopify Developer,https://wuzzuf.net/jobs/p/aeReyQHNDY5K-Shopify-Developer-ARTSY-SILVER-Giza-Egypt,ARTSY SILVER  -,"Sheikh Zayed, Giza, Egypt ",Full TimeOn-siteEntry Level · 1+ Yrs of Exp · IT/Software Development · Engineering - Telecom/Technology · Computer Science · CSS · Information Technology (IT) · SEO · Shopify · JavaScript · PHP · REST
Wordpress Developer with mobile application knowledge,https://wuzzuf.net/jobs/p/T5WpMGHaAwhJ-Wordpress-Developer-with-mobile-application-knowledge-ISIS-Travel-group-Giza-Egypt,ISIS Travel group -,"Dokki, Giza, Egypt ",Full TimePart TimeOn-siteExperienced · 2 - 3 Yrs of Exp · Creative/Design/Art · IT/Software Development · PHP · Full Stack · HTML5 · JavaScript · Information Technology (IT) · WordPress · Node.js · Development
Senior Mobile Developer - ReactNative,https://wuzzuf.net/jobs/p/z19uwojnhfck-senior-mobile-developer-reactnative-iken-technology-cairo-egypt,IKEN Technology -,"Maadi, Cairo, Egypt ",Full TimeOn-siteExperienced · 3 - 5 Yrs of Exp · Business Development · IT/Software Development · Engineering - Telecom/Technology · Mobile Development · Android · Agile · iOS · Computer Science · React Native · APIs
Full Stack .Net Developer,https://wuzzuf.net/jobs/p/4px575nxsqpw-full-stack-net-developer-orient-egypt-giza-egypt,Orient Egypt -,"Dokki, Giza, Egypt ",Full TimeOn-siteExperienced · 5+ Yrs of Exp · Creative/Design/Art · IT/Software Development · Engineering - Telecom/Technology · .Net · Engineering · HTML5 · JavaScript · Software Development · Computer Science · ASP.Net
Solidity Developer,https://wuzzuf.net/jobs/p/tIsikFQ0ZZKv-Solidity-Developer-Cairo-Egypt,Confidential -,"New Cairo, Cairo, Egypt ",Full TimeHybridEntry Level · 1 - 3 Yrs of Exp · IT/Software Development · Engineering - Telecom/Technology · architectural · Design · Computer Science · Information Technology (IT)
Senior Laravel PHP Developer,https://wuzzuf.net/jobs/p/VKaQlYbe73wn-Senior-Laravel-PHP-Developer-Giza-Egypt,Confidential -,"Dokki, Giza, Egypt ",Full TimeRemoteExperienced · 7 - 20 Yrs of Exp · IT/Software Development · PHP · Web Development · MVC · Laravel · APIs · Computer Science · CSS · HTML · Information Technology (IT)
Senior Full Stack Developer (Laravel - Vue.js),https://wuzzuf.net/jobs/p/hBHl2jOQNZza-Senior-Full-Stack-Developer-Laravel---Vuejs-Seoudi-Supermarket-Giza-Egypt,Seoudi Supermarket -,"Sheikh Zayed, Giza, Egypt ",Full TimeHybridExperienced · 5 - 7 Yrs of Exp · IT/Software Development · Engineering - Telecom/Technology · MySQL · Computer Science · CSS3 · Full Stack · Git · HTML5 · Information Technology (IT) · React
Workforce and Resources Planning Lead (Contact Center),https://wuzzuf.net/jobs/p/SqJ66ciyc065-Workforce-and-Resources-Planning-Lead-Contact-Center-Seoudi-Supermarket-Giza-Egypt,Seoudi Supermarket -,"Sheikh Zayed, Giza, Egypt ",Full TimeOn-siteExperienced · 3 - 5 Yrs of Exp · Customer Service/Support · Operations/Management · Analyst/Research · Workforce Planning · Planning · Resources Planning
Full Stack Java Developer,https://wuzzuf.net/jobs/p/g/4cnu65iccao1-full-stack-java-developer-emdad-al-khebrat-riyadh-saudi-arabia,Emdad Al Khebrat -,"Riyadh, Saudi Arabia ",Full TimeEntry Level · Creative/Design/Art · IT/Software Development · Engineering - Telecom/Technology · Information Technology (IT) · Computer Science · Software Development · javaScript · CSS · HTML · Full Stack
Software Engineer (Frontend),https://wuzzuf.net/jobs/p/hwbFzaSRhohM-Software-Engineer-Frontend-Itechs-Group-Cairo-Egypt,Itechs Group -,"Nasr City, Cairo, Egypt ",Part TimeRemoteExperienced · 1 - 4 Yrs of Exp · IT/Software Development · Engineering - Telecom/Technology · CSS3 · Git · HTML5 · JavaScript · Redux · RESTful · Information Technology (IT) · Software Engineering
Guest Experience Expert (Arabic Speaker),https://wuzzuf.net/jobs/p/g/vpkjecc6hkrf-guest-experience-expert-arabic-speaker-marriott-international-dubai-united-arab-emirates,Marriott International -,"Dubai, United Arab Emirates ",Full TimeEntry Level · Customer Service/Support · Customer Care · Customer Service · Customer Support · Call Center · Microsoft Office · Data Entry · Typing · Customer Experience · SOP
Full Stack Net Developer,https://wuzzuf.net/jobs/p/g/6z7gldkvksik-full-stack-net-developer-emdad-al-khebrat-riyadh-saudi-arabia,Emdad Al Khebrat -,"Riyadh, Saudi Arabia ",Full TimeEntry Level · Creative/Design/Art · IT/Software Development · Engineering - Telecom/Technology · Information Technology (IT) · Computer Science · Software Development · javaScript · CSS · HTML · Full Stack
Barista (Only Saudis),https://wuzzuf.net/jobs/p/g/mby3xkcwuril-barista-only-saudis-kempinski-hotels-riyadh-saudi-arabia,Kempinski Hotels -,"Riyadh, Saudi Arabia ",Full TimeEntry Level · Hospitality/Hotels/Food Services · Operations/Management · Sales/Retail · Hospitality · Customer Service · Food Services · Hotel · barista · waiter
"Assistant Manager, New Product Development",https://wuzzuf.net/jobs/p/g/bunsgvw6yw97-assistant-manager-new-product-development-huda-beauty-dubai-united-arab-emirates,Huda Beauty -,"Dubai, United Arab Emirates ",Full TimeEntry Level · Business Development · Marketing/PR/Advertising · Pharmaceutical · Business Development · Marketing · Sales · Cosmetics · Market Research · Microsoft Office · Pharmaceutical
Software Engineer (Ruby / Ruby on Rails),https://wuzzuf.net/jobs/p/g/zsclebxb8cew-software-engineer-ruby-ruby-on-rails-leapstrides-consulting-dubai-united-arab-emirates,Leapstrides Consulting -,"Dubai, United Arab Emirates ",Full TimeEntry Level · IT/Software Development · Quality · Engineering - Telecom/Technology · Information Technology (IT) · Computer Science · Software Development · Software Engineering · Engineering · Computer Engineering · Software
